0.000000000000000000e+00,0.000000000000000000e+00
-1.313912718463861040e-02,-1.459415526808882646e-02
-2.628461284094463224e-02,-2.918562805234259372e-02
-3.943645298907405561e-02,-4.377441756336608591e-02
-5.259464364917576518e-02,-5.836052301177829804e-02
-6.575918084140397468e-02,-7.294394360818401424e-02
-7.893006058590579244e-02,-8.752467856318446593e-02
-9.210727890283543218e-02,-1.021027270873986481e-01
-1.052908318123417786e-01,-1.166780883914277922e-01
-1.184807153345790454e-01,-1.312507616858837878e-01
-1.316769254896961172e-01,-1.458207461813785244e-01
-1.448794582978472079e-01,-1.603880410885096808e-01
-1.580883097791794256e-01,-1.749526456178962519e-01
-1.713034759538452079e-01,-1.895145589801430219e-01
-1.845249528419969920e-01,-2.040737803858547750e-01
-1.977527364637889917e-01,-2.186303090456469533e-01
-2.109868228393647627e-01,-2.331841441701243411e-01
-2.242272079888838476e-01,-2.477352849698952753e-01
-2.374738879324915786e-01,-2.622837306555680925e-01
-2.507268586903421692e-01,-2.768294804377546825e-01
-2.639861162825880569e-01,-2.913725335270633821e-01
-2.772516567293745737e-01,-3.059128891340954226e-01
-2.905234760508577097e-01,-3.204505464694626937e-01
-3.038015702671899021e-01,-3.349855047437770850e-01
-3.170859353985182594e-01,-3.495177631676469332e-01
-3.303765674649969952e-01,-3.640473209516805753e-01
-3.436734624867767707e-01,-3.785741773064827953e-01
-3.569766164840100231e-01,-3.930983314426654829e-01
-3.702860254768456372e-01,-4.076197825708334221e-01
-3.836016854854360503e-01,-4.221385299015985026e-01
-3.969235925299301471e-01,-4.366545726455690613e-01
-4.102517426304839177e-01,-4.511679100133534348e-01
-4.235861318072462467e-01,-4.656785412155599602e-01
-4.369267560803677952e-01,-4.801864654627969742e-01
-4.502736114699992243e-01,-4.946916819656728137e-01
-4.636266939962929712e-01,-5.091941899347958156e-01
-4.769859996793979207e-01,-5.236939885807743167e-01
-4.903515245394718391e-01,-5.381910771142166539e-01
-5.037232645966600586e-01,-5.526854547457311639e-01
-5.171012158711167928e-01,-5.671771206859297365e-01
-5.304853743829891499e-01,-5.816660741454171557e-01
-5.438757361524331202e-01,-5.961523143348053111e-01
-5.572722971995975882e-01,-6.106358404646989868e-01
-5.706750535446349915e-01,-6.251166517457100724e-01
-5.840840012076959908e-01,-6.395947473884397994e-01
-5.974991362089294711e-01,-6.540701266035036099e-01
-6.109204545684931986e-01,-6.685427886015133936e-01
-6.243479523065307291e-01,-6.830127325930703819e-01
-6.377816254431980525e-01,-6.974799577887829116e-01
-6.512214699986440536e-01,-7.119444633992664251e-01
-6.646674819930229461e-01,-7.264062486351221537e-01
-6.781196574464836146e-01,-7.408653127069619870e-01
-6.915779923791767203e-01,-7.553216548253942619e-01
-7.050424828112564768e-01,-7.697752742010273153e-01
-7.185131247628717688e-01,-7.842261700444694839e-01
-7.319899142541732573e-01,-7.986743415663255519e-01
-7.454728473053151561e-01,-8.131197879772145143e-01
-7.589619199364463498e-01,-8.275625084877340498e-01
-7.724571281677174994e-01,-8.420025023084996008e-01
-7.859584680192828188e-01,-8.564397686501123985e-01
-7.994659355112894161e-01,-8.708743067231914381e-01
-8.129795266638915052e-01,-8.853061157383343982e-01
-8.264992374972415234e-01,-8.997351949061567211e-01
-8.400250640314883555e-01,-9.141615434372667437e-01
-8.535570022867844386e-01,-9.285851605422692501e-01
-8.670950482832786577e-01,-9.430060454317761298e-01
-8.806391980411252263e-01,-9.574241973163886144e-01
-8.941894475804748055e-01,-9.718396154067256987e-01
-9.077457929214771681e-01,-9.862522989133921669e-01
-9.213082300842856398e-01,-1.000662247046996356e+00
-9.348767550890499933e-01,-1.015069459018143050e+00
-9.484513639559217779e-01,-1.029473934037444138e+00
-9.620320527050516546e-01,-1.043875671315507958e+00
-9.756188173565929489e-01,-1.058274670062942846e+00
-9.892116539306945455e-01,-1.072670929490357139e+00
-1.002810558447508882e+00,-1.087064448808359174e+00
-1.016415526927186619e+00,-1.101455227227557288e+00
-1.030026555389880194e+00,-1.115843263958563369e+00
-1.043643639855739380e+00,-1.130228558211982204e+00
-1.057266776344916615e+00,-1.144611109198418575e+00
-1.070895960877563446e+00,-1.158990916128491477e+00
-1.084531189473829649e+00,-1.173367978212798590e+00
-1.098172458153868547e+00,-1.187742294661955356e+00
-1.111819762937827250e+00,-1.202113864686570111e+00
-1.125473099845860858e+00,-1.216482687497247639e+00
-1.139132464898120034e+00,-1.230848762304599830e+00
-1.152797854114756326e+00,-1.245212088319231469e+00
-1.166469263515919508e+00,-1.259572664751754445e+00
-1.180146689121762016e+00,-1.273930490812777094e+00
-1.193830126952435400e+00,-1.288285565712904202e+00
-1.207519573028090321e+00,-1.302637888662751209e+00
-1.221215023368876551e+00,-1.316987458872919348e+00
-1.234916473994947417e+00,-1.331334275554020508e+00
-1.248623920926454467e+00,-1.345678337916663025e+00
-1.262337360183545698e+00,-1.360019645171455238e+00
-1.276056787786377100e+00,-1.374358196529009035e+00
-1.289782199755096670e+00,-1.388693991199925648e+00
-1.303513592109855956e+00,-1.403027028394816966e+00
-1.317250960870806509e+00,-1.417357307324294879e+00
-1.330994302058101653e+00,-1.431684827198964172e+00
-1.344743611691890273e+00,-1.446009587229433180e+00
-1.358498885792323030e+00,-1.460331586626313793e+00
-1.372260120379553250e+00,-1.474650824600210797e+00
-1.386027311473730705e+00,-1.488967300361736079e+00
-1.399800455095008722e+00,-1.503281013121494425e+00
-1.413579547263536185e+00,-1.517591962090094171e+00
-1.427364583999464642e+00,-1.531900146478150759e+00
-1.441155561322945644e+00,-1.546205565496265422e+00
-1.454952475254133404e+00,-1.560508218355050047e+00
-1.468755321813175030e+00,-1.574808104265109421e+00
-1.482564097020222071e+00,-1.589105222437058984e+00
-1.496378796895426966e+00,-1.603399572081499969e+00
-1.510199417458942150e+00,-1.617691152409044264e+00
-1.524025954730918286e+00,-1.631979962630300207e+00
-1.537858404731506035e+00,-1.646266001955876135e+00
-1.551696763480856056e+00,-1.660549269596383937e+00
-1.565541026999121677e+00,-1.674829764762424844e+00
-1.579391191306450892e+00,-1.689107486664614299e+00
-1.593247252422997917e+00,-1.703382434513553534e+00
-1.607109206368912524e+00,-1.717654607519857990e+00
-1.620977049164347150e+00,-1.731924004894136004e+00
-1.634850776829451569e+00,-1.746190625846992361e+00
-1.648730385384378216e+00,-1.760454469589035398e+00
-1.662615870849277755e+00,-1.774715535330873450e+00
-1.676507229244301733e+00,-1.788973822283121962e+00
-1.690404456589599924e+00,-1.803229329656378610e+00
-1.704307548905324765e+00,-1.817482056661262391e+00
-1.718216502211630470e+00,-1.831732002508374535e+00
-1.732131312528663258e+00,-1.845979166408326932e+00
-1.746051975876577345e+00,-1.860223547571724367e+00
-1.759978488275522501e+00,-1.874465145209178729e+00
-1.773910845745652942e+00,-1.888703958531301907e+00
-1.787849044307114887e+00,-1.902939986748695134e+00
-1.801793079980066103e+00,-1.917173229071970297e+00
-1.815742948784651034e+00,-1.931403684711739288e+00
-1.829698646741025669e+00,-1.945631352878599785e+00
-1.843660169869339782e+00,-1.959856232783174335e+00
-1.857627514189744034e+00,-1.974078323636064169e+00
-1.871600675722389084e+00,-1.988297624647874073e+00
-1.885579650487429149e+00,-2.002514135029219489e+00
-1.899564434505013999e+00,-2.016727853990708752e+00
-1.913555023795292520e+00,-2.030938780742946648e+00
-1.927551414378419814e+00,-2.045146914496541513e+00
-1.941553602274544765e+00,-2.059352254462101683e+00
-1.955561583503818923e+00,-2.073554799850242603e+00
-1.969575354086393837e+00,-2.087754549871565501e+00
-1.983594910042421056e+00,-2.101951503736678717e+00
-1.997620247392051240e+00,-2.116145660656194138e+00
-2.011651362155435940e+00,-2.130337019840720103e+00
-2.025688250352727593e+00,-2.144525580500864947e+00
-2.039730908004075971e+00,-2.158711341847233456e+00
-2.053779331129631736e+00,-2.172894303090437518e+00
-2.067833515749547324e+00,-2.187074463441089023e+00
-2.081893457883972509e+00,-2.201251822109789202e+00
-2.095959153553062393e+00,-2.215426378307149946e+00
-2.110030598776962307e+00,-2.229598131243779591e+00
-2.124107789575830019e+00,-2.243767080130290026e+00
-2.138190721969811747e+00,-2.257933224177282483e+00
-2.152279391979060819e+00,-2.272096562595372404e+00
-2.166373795623729670e+00,-2.286257094595164574e+00
-2.180473928923968074e+00,-2.300414819387270882e+00
-2.194579787899925805e+00,-2.314569736182296111e+00
-2.208691368571755298e+00,-2.328721844190848600e+00
-2.222808666959610768e+00,-2.342871142623536684e+00
-2.236931679083639324e+00,-2.357017630690975807e+00
-2.251060400963993402e+00,-2.371161307603763646e+00
-2.265194828620826328e+00,-2.385302172572519197e+00
-2.279334958074287876e+00,-2.399440224807843691e+00
-2.293480785344527817e+00,-2.413575463520349018e+00
-2.307632306451699478e+00,-2.427707887920639962e+00
-2.321789517415952631e+00,-2.441837497219328412e+00
-2.335952414257439713e+00,-2.455964290627026259e+00
-2.350166423704540541e+00,-2.470128836442984976e+00
-2.364555404219518486e+00,-2.484441736144276547e+00
-2.379123546911852571e+00,-2.498906724153506786e+00
-2.393867731580128222e+00,-2.513521005827463739e+00
-2.408784838022933528e+00,-2.528281786522935448e+00
-2.423871746038855690e+00,-2.543186271596720616e+00
-2.439125335426481911e+00,-2.558231666405610838e+00
-2.454542485984402056e+00,-2.573415176306394159e+00
-2.470120077511203327e+00,-2.588734006655872832e+00
-2.485854989805469373e+00,-2.604185362810831350e+00
-2.501744102665792724e+00,-2.619766450128068414e+00
-2.517784295890762358e+00,-2.635474473964372066e+00
-2.533972449278960148e+00,-2.651306639676537458e+00
-2.550305442628975960e+00,-2.667260152621359737e+00
-2.566780155739399660e+00,-2.683332218155626947e+00
-2.583393468408816673e+00,-2.699520041636134238e+00
-2.600142260435815089e+00,-2.715820828419676758e+00
-2.617023411618983886e+00,-2.732231783863042551e+00
-2.634033801756908488e+00,-2.748750113323033872e+00
-2.651170310648179651e+00,-2.765373022156428107e+00
-2.668429818091381911e+00,-2.782097715720034614e+00
-2.685809203885104246e+00,-2.798921399370634333e+00
-2.703305347827935634e+00,-2.815841278465025965e+00
-2.720915129718461500e+00,-2.832854558360001107e+00
-2.738635429355269935e+00,-2.849958444412354908e+00
-2.756463126536949027e+00,-2.867150141978875411e+00
-2.774395101062087754e+00,-2.884426856416357765e+00
-2.792428232729272430e+00,-2.901785793081597120e+00
-2.810559401337090257e+00,-2.919224157331381519e+00
-2.828785486684130213e+00,-2.936739154522509665e+00
-2.847103368568978610e+00,-2.954327990011766047e+00
-2.865509926790225315e+00,-2.971987869155952922e+00
-2.884002041146453976e+00,-2.989715997311861884e+00
-2.902576591436258013e+00,-3.007509579836280977e+00
-2.921230457458220187e+00,-3.025365822086001799e+00
-2.939960519010930362e+00,-3.043281929417826603e+00
-2.958763655892975741e+00,-3.061255107188536329e+00
-2.977636747902943526e+00,-3.079282560754933229e+00
-2.996576674839421806e+00,-3.097361495473808901e+00
-3.015580316500999558e+00,-3.115489116701951389e+00
-3.034644552686262209e+00,-3.133662629796159393e+00
-3.053766263193797847e+00,-3.151879240113217406e+00
-3.072942327822196340e+00,-3.170136153009927682e+00
-3.092169626370043112e+00,-3.188430573843078264e+00
-3.111445038635927141e+00,-3.206759707969464301e+00
-3.130765444418433852e+00,-3.225120760745877391e+00
-3.150127723516153999e+00,-3.243510937529109128e+00
-3.169528755727673008e+00,-3.261927443675951110e+00
-3.188965420851579857e+00,-3.280367484543202039e+00
-3.208434598686460859e+00,-3.298828265487649958e+00
-3.227933169030905880e+00,-3.317306991866090016e+00
-3.247458011683502122e+00,-3.335800869035313809e+00
-3.267006006442834121e+00,-3.354307102352116488e+00
-3.286574033107492632e+00,-3.372822897173289647e+00
-3.306158971476065744e+00,-3.391345458855624884e+00
-3.325757701347138884e+00,-3.409871992755913794e+00
-3.345367102519299252e+00,-3.428399704230951528e+00
-3.364984054791137602e+00,-3.446925798637533234e+00
-3.384605437961239360e+00,-3.465447481332446955e+00
-3.404228131828193504e+00,-3.483961957672491394e+00
-3.423849016190587236e+00,-3.502466433014454594e+00
-3.443464970847007756e+00,-3.520958112715128152e+00
-3.463072875596044042e+00,-3.539434202131310769e+00
-3.482669610236282409e+00,-3.557891906619794042e+00
-3.502252054566309170e+00,-3.576328431537366015e+00
-3.521817088384715078e+00,-3.594740982240821836e+00
-3.541361591490087335e+00,-3.613126764086956655e+00
-3.560882443681012255e+00,-3.631482982432565620e+00
-3.580376524756077039e+00,-3.649806842634433224e+00
-3.599840714513870665e+00,-3.668095550049358167e+00
-3.619271892752981223e+00,-3.686346310034132046e+00
-3.638666939271995915e+00,-3.704556327945550009e+00
-3.658022733869501941e+00,-3.722722809140400102e+00
-3.677336156344086504e+00,-3.740842958975477472e+00
-3.696604086494338581e+00,-3.758913982807580823e+00
-3.715823404118844486e+00,-3.776933085993494643e+00
-3.734990989016193197e+00,-3.794897473890014084e+00
-3.754103720984971915e+00,-3.812804351853934293e+00
-3.773158479823768729e+00,-3.830650925242046867e+00
-3.792152145331169066e+00,-3.848434399411139850e+00
-3.811081597305764568e+00,-3.866151979718015497e+00
-3.829943715546138883e+00,-3.883800871519461850e+00
-3.848735379850881877e+00,-3.901378280172274060e+00
-3.867453470018582529e+00,-3.918881411033236617e+00
-3.886094865847825375e+00,-3.936307469459153552e+00
-3.904656447137199393e+00,-3.953653660806812908e+00
-3.923135093685293562e+00,-3.970917190433006283e+00
-3.941527685290693306e+00,-3.988095263694528825e+00
-3.959831101751987603e+00,-4.005185085948170354e+00
-3.978042222867764544e+00,-4.022183862550729572e+00
-3.996157928436609552e+00,-4.039088798858992746e+00
-4.014175098257114271e+00,-4.055897100229755026e+00
-4.032090612127863238e+00,-4.072605972019811560e+00
-4.049901349847444543e+00,-4.089212619585955721e+00
-4.067604191214447162e+00,-4.105714248284973777e+00
-4.085196016027456523e+00,-4.122108063473667983e+00
-4.102673704085062489e+00,-4.138391270508822828e+00
-4.120034135185851376e+00,-4.154561074747237015e+00
-4.137274189128413049e+00,-4.170614681545698588e+00
-4.154390745711332045e+00,-4.186549296261004471e+00
-4.171380684733196453e+00,-4.202362124249946262e+00
-4.188240885992596141e+00,-4.218050370869315557e+00
-4.204968229288118309e+00,-4.233611241475909281e+00
-4.221559594418350159e+00,-4.249041941426513702e+00
-4.238011861181878004e+00,-4.264339676077929298e+00
-4.254321909377290822e+00,-4.279501650786944111e+00
-4.270486618803176704e+00,-4.294525070910351516e+00
-4.286502869258123738e+00,-4.309407141804943109e+00
-4.302367540540717350e+00,-4.324145068827514038e+00
-4.318077512449546518e+00,-4.338736057334857676e+00
-4.333629664783199331e+00,-4.353177312683767397e+00
-4.349020877340262103e+00,-4.367466040231033020e+00
-4.364248029919323812e+00,-4.381599445333449694e+00
-4.379308002318972548e+00,-4.395574733347809016e+00
-4.394197674337795512e+00,-4.409389109630906134e+00
-4.408913925774379905e+00,-4.423039779539530869e+00
-4.423453636427312929e+00,-4.436523948430476594e+00
-4.437813686095182675e+00,-4.449838821660538457e+00
-4.451990954576578119e+00,-4.462981604586506279e+00
-4.465982321670085575e+00,-4.475949502565178761e+00
-4.479784667174292245e+00,-4.488739720953342172e+00
-4.493394870887787995e+00,-4.501349465107788106e+00
-4.506809812609157362e+00,-4.513775940385318819e+00
-4.520026372136990211e+00,-4.526016352142720578e+00
-4.533041429269873746e+00,-4.538067905736788532e+00
-4.545851863806396054e+00,-4.549927806524312501e+00
-4.558454555545145226e+00,-4.561593259862087635e+00
-4.570846384284707575e+00,-4.573061471106907305e+00
-4.583024229823670304e+00,-4.584329645615561333e+00
-4.594984971960622389e+00,-4.595394988744848419e+00
-4.606725490494152808e+00,-4.606254705851556608e+00
-4.618242665222845211e+00,-4.616906002292477496e+00
-4.629533375945292129e+00,-4.627346083424409784e+00
-4.640594502460077209e+00,-4.637572154604141517e+00
-4.651422924565791206e+00,-4.647581421188467843e+00
-4.662015522061019546e+00,-4.657371088534180359e+00
-4.672369174744349429e+00,-4.666938361998074214e+00
-4.682480762414371611e+00,-4.676280446936935675e+00
-4.692347164869670628e+00,-4.685394548707570550e+00
-4.701965261908836347e+00,-4.694277872666756224e+00
-4.711331933330455968e+00,-4.702927624171296728e+00
-4.720444058933115805e+00,-4.711341008577981881e+00
-4.729298518515403948e+00,-4.719515231243605058e+00
-4.737892191875909376e+00,-4.727447497524956077e+00
-4.746221958813219288e+00,-4.735135012778830088e+00
-4.754284699125922664e+00,-4.742574982362018687e+00
-4.762077292612602264e+00,-4.749764611631318800e+00
-4.769596619071850618e+00,-4.756701105943518471e+00
-4.776839558302254929e+00,-4.763381670655412847e+00
-4.783802990102401509e+00,-4.769803511123793527e+00
-4.790483794270877560e+00,-4.775963832705455658e+00
-4.796878850606271172e+00,-4.781859840757189062e+00
-4.802985038907170434e+00,-4.787488740635792439e+00
-4.808799238972164325e+00,-4.792847737698050281e+00
-4.814318330599838269e+00,-4.797934037300763066e+00
-4.819539193588781245e+00,-4.802744844800715285e+00
-4.824458707737579566e+00,-4.807277365554709192e+00
-4.829073752844823098e+00,-4.811528804919532831e+00
-4.833381208709097265e+00,-4.815496368251981352e+00
-4.837377955128991935e+00,-4.819177260908842797e+00
-4.841060871903092533e+00,-4.822568688246917645e+00
-4.844426838829988924e+00,-4.825667855622988611e+00
-4.847472735708266534e+00,-4.828471968393857949e+00
-4.850195442336515228e+00,-4.830978231916313703e+00
-4.852591838513320432e+00,-4.833183851547151022e+00
-4.854658804037272901e+00,-4.835086032643161502e+00
-4.856393218706956283e+00,-4.836681980561134964e+00
-4.857791962320961332e+00,-4.837968900657873661e+00
-4.858851914677875250e+00,-4.838943998290162085e+00
-4.859569955576284350e+00,-4.839604478814793609e+00
-4.859942964814779387e+00,-4.839947547588565158e+00
-4.859952375099440225e+00,-4.839971029122089874e+00
-4.859472897461850849e+00,-4.839679024562119736e+00
-4.858482635803046179e+00,-4.839075049048595645e+00
-4.856987655412506655e+00,-4.838161816805873983e+00
-4.854994021579711827e+00,-4.836942042058307578e+00
-4.852507799594142135e+00,-4.835418439030243931e+00
-4.849535054745277129e+00,-4.833593721946041200e+00
-4.846081852322597250e+00,-4.831470605030048660e+00
-4.842154257615582935e+00,-4.829051802506617364e+00
-4.837758335913713736e+00,-4.826340028600101917e+00
-4.832900152506470093e+00,-4.823337997534853372e+00
-4.827585772683331555e+00,-4.820048423535224558e+00
-4.821821261733778563e+00,-4.816474020825568303e+00
-4.815612684947291555e+00,-4.812617503630235660e+00
-4.808966107613350083e+00,-4.808481586173577682e+00
-4.801887595021434585e+00,-4.804068982679950750e+00
-4.794383212461024613e+00,-4.799382407373702364e+00
-4.786459025221601493e+00,-4.794424574479187129e+00
-4.778121098592643001e+00,-4.789198198220757874e+00
-4.769375497863631352e+00,-4.783705992822767428e+00
-4.760228288324046098e+00,-4.777950672509566843e+00
-4.750685535263366788e+00,-4.771934951505507172e+00
-4.740753303971073862e+00,-4.765661544034941244e+00
-4.730437659736646872e+00,-4.759133164322221887e+00
-4.719744667849567143e+00,-4.752352526591701931e+00
-4.708680393599313341e+00,-4.745322345067734204e+00
-4.697250902275366791e+00,-4.738045333974667983e+00
-4.685462259167206156e+00,-4.730524207536859649e+00
-4.673320529564313652e+00,-4.722761679978658478e+00
-4.660831778756166166e+00,-4.714760465524417299e+00
-4.648002072032246801e+00,-4.706523278398488941e+00
-4.634837474682035108e+00,-4.698052832825226233e+00
-4.621344051995009750e+00,-4.689351843028978450e+00
-4.607527869260652054e+00,-4.680423023234101976e+00
-4.593394991768440683e+00,-4.671269087664946085e+00
-4.578951484807857852e+00,-4.661892750545861830e+00
-4.564203413668381337e+00,-4.652296726101205593e+00
-4.549156843639493353e+00,-4.642483728555326650e+00
-4.533817840010671674e+00,-4.632456472132579606e+00
-4.518192468071399404e+00,-4.622217671057317290e+00
-4.502286793111152541e+00,-4.611770039553887202e+00
-4.486106880419415965e+00,-4.601116291846643946e+00
-4.469658795285667452e+00,-4.590259142159940353e+00
-4.452948602999384775e+00,-4.579201304718131027e+00
-4.435982368850051039e+00,-4.567945493745563468e+00
-4.418766158127144905e+00,-4.556494423466594057e+00
-4.401306036120148590e+00,-4.544850808105572071e+00
-4.383608068118538981e+00,-4.533017361886852115e+00
-4.365678319411799180e+00,-4.520996799034785241e+00
-4.347522855289406074e+00,-4.508791833773722502e+00
-4.329147741040843655e+00,-4.496405180328018503e+00
-4.310559041955587922e+00,-4.483839552922024296e+00
-4.291762823323122866e+00,-4.471097665780092711e+00
-4.272765150432926262e+00,-4.458182233126576577e+00
-4.253572088574476773e+00,-4.445095969185823392e+00
-4.234189703037258390e+00,-4.431841588182193092e+00
-4.214624059110747112e+00,-4.418421804340031400e+00
-4.194881222084426042e+00,-4.404839331883696474e+00
-4.174967257247773844e+00,-4.391096885037534037e+00
-4.154888229890270068e+00,-4.377197178025900470e+00
-4.134650205301396930e+00,-4.363142925073150380e+00
-4.114259248770633093e+00,-4.348936840403627713e+00
-4.093721425587458107e+00,-4.334581638241692403e+00
-4.073042801041353300e+00,-4.320080032811695503e+00
-4.052229440421799112e+00,-4.305434738337986289e+00
-4.031287409018272427e+00,-4.290648469044919366e+00
-4.010222772120256352e+00,-4.275723939156845788e+00
-3.989041595017231323e+00,-4.260663862898120158e+00
-3.967749942998675117e+00,-4.245470954493091753e+00
-3.946353881354069060e+00,-4.230147928166113402e+00
-3.924859475372892703e+00,-4.214697498141537935e+00
-3.903272790344628262e+00,-4.199122378643716402e+00
-3.881599891558753512e+00,-4.183425283897005187e+00
-3.859846844304749780e+00,-4.167608928125751788e+00
-3.838019713872093952e+00,-4.151676025554312588e+00
-3.816124565550270908e+00,-4.135629290407036862e+00
-3.794167464628756647e+00,-4.119471436908277440e+00
-3.772154476397035161e+00,-4.103205179282385373e+00
-3.750091666144582447e+00,-4.086833231753713491e+00
-3.727985099160882498e+00,-4.070358308546616399e+00
-3.705840840735412201e+00,-4.053783123885445150e+00
-3.683664956157653769e+00,-4.037110391994552572e+00
-3.661463510717084979e+00,-4.020342827098289717e+00
-3.639242569703188046e+00,-4.003483143421009416e+00
-3.617008198405444297e+00,-3.986534055187064496e+00
-3.594766462113328842e+00,-3.969498276620804234e+00
-3.572523426116328338e+00,-3.952378521946581458e+00
-3.550285155703916118e+00,-3.935177505388752550e+00
-3.528057716165577062e+00,-3.917897941171670340e+00
-3.505847172790788058e+00,-3.900542543519680549e+00
-3.483659590869032208e+00,-3.883114026657139561e+00
-3.461501035689787287e+00,-3.865615104808398428e+00
-3.439377572542535511e+00,-3.848048492197811754e+00
-3.417295266716753765e+00,-3.830416903049727040e+00
-3.395260183501926932e+00,-3.812723051588502443e+00
-3.373278388187531895e+00,-3.794969652038485464e+00
-3.351355946063045543e+00,-3.777159418624030707e+00
-3.329498922417954532e+00,-3.759295065569489225e+00
-3.307713382541734859e+00,-3.741379307099215623e+00
-3.286005391723867852e+00,-3.723414857437560954e+00
-3.264381015253833063e+00,-3.705404430808872718e+00
-3.242846318421110929e+00,-3.687350741437512625e+00
-3.221407366515182780e+00,-3.669256503547824622e+00
-3.200070224825526388e+00,-3.651124431364166867e+00
-3.178840958641621306e+00,-3.632957239110886860e+00
-3.157725633252951525e+00,-3.614757641012339207e+00
-3.136730313948993931e+00,-3.596528351292878511e+00
-3.115861066019229852e+00,-3.578272084176852275e+00
-3.095123954753137951e+00,-3.559991553888615101e+00
-3.074525045440198667e+00,-3.541689474652518044e+00
-3.054070403369895104e+00,-3.523368560692915707e+00
-3.033766093831702371e+00,-3.505031526234159145e+00
-3.013618182115106237e+00,-3.486681085500602961e+00
-2.993632733509579147e+00,-3.468319952716591104e+00
-2.973815813304609534e+00,-3.449950842106485283e+00
-2.954173486789671621e+00,-3.431576467894632998e+00
-2.934711819254249399e+00,-3.413199544305388855e+00
-2.915436875987820642e+00,-3.394822785563103906e+00
-2.896354722279863125e+00,-3.376448905892129204e+00
-2.877471423419862617e+00,-3.358080619516819354e+00
-2.858793044697295116e+00,-3.339720640661525408e+00
-2.840325651401641949e+00,-3.321371683550598419e+00
-2.822075308822382667e+00,-3.303036462408392993e+00
-2.804048082248998597e+00,-3.284717691459260180e+00
-2.786250036970967514e+00,-3.266418084927554588e+00
-2.768687238277771634e+00,-3.248140357037623716e+00
-2.751365751458890507e+00,-3.229887222013822168e+00
-2.734291641803803685e+00,-3.211661394080504550e+00
-2.717470974601993383e+00,-3.193465587462021915e+00
-2.700909815142937376e+00,-3.175302516382721763e+00
-2.684614228716114326e+00,-3.157174895066962250e+00
-2.668590280611007337e+00,-3.139085437739097983e+00
-2.652844036117095960e+00,-3.121036858623472909e+00
-2.637381560523857083e+00,-3.103031871944441633e+00
-2.622208919120779136e+00,-3.085073191926358760e+00
-2.607332177197331013e+00,-3.067163532793575342e+00
-2.592757400043000260e+00,-3.049305608770449538e+00
-2.578490652947263762e+00,-3.031502134081321742e+00
-2.564538001199604622e+00,-3.013755822950553664e+00
-2.550905510089500616e+00,-2.996069389602492805e+00
-2.537599244906431295e+00,-2.978445548261493769e+00
-2.524625270939879762e+00,-2.960887013151907610e+00
-2.511989653479322016e+00,-2.943396498498088931e+00
-2.499698457814241159e+00,-2.925976718524392339e+00
-2.487757749234115856e+00,-2.908630387455158228e+00
-2.476173593028428321e+00,-2.891360219514751861e+00
-2.464952054486654554e+00,-2.874168928927517186e+00
-2.454099198898278544e+00,-2.857059229917808807e+00
-2.443621091552778068e+00,-2.840033836709984882e+00
-2.433523797739633565e+00,-2.823095463528389359e+00
-2.423813382748327250e+00,-2.806246824597376843e+00
-2.414495911868336897e+00,-2.789490634141301939e+00
-2.405577450389142058e+00,-2.772829606384515699e+00
-2.397064063600225836e+00,-2.756266455551369177e+00
-2.388961816791064230e+00,-2.739803895866216976e+00
-2.381276775251140343e+00,-2.723444641553406598e+00
-2.374015004269934614e+00,-2.707191406837296199e+00
-2.367182569136925707e+00,-2.691046905942236833e+00
-2.360785535141592284e+00,-2.675013853092579552e+00
-2.354829967573417449e+00,-2.659094962512675409e+00
-2.349321931721879864e+00,-2.643292948426875455e+00
-2.344267492876459080e+00,-2.627610525059537849e+00
-2.339672716326634649e+00,-2.612050406635006539e+00
-2.335543667361890563e+00,-2.596615307377643234e+00
-2.331886411271701043e+00,-2.581307941511791881e+00
-2.328707013345550081e+00,-2.566131023261810640e+00
-2.326011538872918116e+00,-2.551087266852050561e+00
-2.323806053143284700e+00,-2.536179386506862699e+00
-2.322096621446127607e+00,-2.521410096450598104e+00
-2.320889309070927276e+00,-2.506782110907607830e+00
-2.320190181307165922e+00,-2.492298144102250035e+00
-2.320005422688947938e+00,-2.477957492812556950e+00
-2.320345700568450020e+00,-2.463554500604740127e+00
-2.321210602108886079e+00,-2.448969230828005550e+00
-2.322593918746221675e+00,-2.434204827530379589e+00
-2.324489441916423260e+00,-2.419264434759870852e+00
-2.326890963055454620e+00,-2.404151196564498605e+00
-2.329792273599281316e+00,-2.388868256992278560e+00
-2.333187164983868911e+00,-2.373418760091226432e+00
-2.337069428645182079e+00,-2.357805849909361484e+00
-2.341432856019188158e+00,-2.342032670494695878e+00
-2.346271238541848270e+00,-2.326102365895248880e+00
-2.351578367649133305e+00,-2.310018080159032650e+00
-2.357348034777001722e+00,-2.293782957334070005e+00
-2.363574031361425298e+00,-2.277400141468369554e+00
-2.370250148838366044e+00,-2.260872776609954116e+00
-2.377370178643791299e+00,-2.244204006806832297e+00
-2.384927912213662182e+00,-2.227396976107030468e+00
-2.392917140983948698e+00,-2.210454828558553686e+00
-2.401331656390611968e+00,-2.193380708209424768e+00
-2.410165249869620219e+00,-2.176177759107662979e+00
-2.419411712856938124e+00,-2.158849125301276928e+00
-2.429064836788529469e+00,-2.141397950838289432e+00
-2.439118413100362481e+00,-2.123827379766709100e+00
-2.449566233228399170e+00,-2.106140556134562303e+00
-2.460402088608606874e+00,-2.088340623989854095e+00
-2.471619770676951156e+00,-2.070430727380610847e+00
-2.483213070869396688e+00,-2.052414010354837615e+00
-2.495175780621904593e+00,-2.034293616960560769e+00
-2.507501691370448427e+00,-2.016072691245796022e+00
-2.520184594550987534e+00,-1.997754377258551983e+00
-2.533218281599486588e+00,-1.979341819046851469e+00
-2.546596543951915592e+00,-1.960838160658706641e+00
-2.560313173044237445e+00,-1.942246546142133212e+00
-2.574361960312416819e+00,-1.923570119545154000e+00
-2.588736697192418390e+00,-1.904812024915777613e+00
-2.603431175120209495e+00,-1.885975406302026869e+00
-2.618439185531753921e+00,-1.867063407751913928e+00
-2.633754519863017229e+00,-1.848079173313454504e+00
-2.649370969549964983e+00,-1.829025847034667862e+00
-2.665282326028561855e+00,-1.809906572963566163e+00
-2.681482380734772519e+00,-1.790724495148168671e+00
-2.697964925104564315e+00,-1.771482757636491101e+00
-2.714723750573901917e+00,-1.752184504476545612e+00
-2.731752648578749110e+00,-1.732832879716358576e+00
-2.749045410555073232e+00,-1.713431027403931495e+00
-2.766595827938838070e+00,-1.693982091587297845e+00
-2.784397692166010074e+00,-1.674489216314455575e+00
-2.802444794672552142e+00,-1.654955545633438163e+00
-2.820730926894433388e+00,-1.635384223592250663e+00
-2.839249880267614934e+00,-1.615778394238912341e+00
-2.857995446228065894e+00,-1.596141201621435357e+00
-2.876961416211747391e+00,-1.576475789787846082e+00
-2.896141581654626762e+00,-1.556785302786153125e+00
-2.915529733992672234e+00,-1.537072884664372197e+00
-2.935119664661844929e+00,-1.517341679470519011e+00
-2.954905165098111297e+00,-1.497594831252616387e+00
-2.974880026737436900e+00,-1.477835484058676485e+00
-2.995038041015787300e+00,-1.458066781936711465e+00
-3.015372999369126283e+00,-1.438291868934747697e+00
-3.035878693233422077e+00,-1.418513889100790237e+00
-3.056548914044636689e+00,-1.398735986482861904e+00
-3.077377453238737459e+00,-1.378961305128974857e+00
-3.098358102251688173e+00,-1.359192989087151915e+00
-3.119484652519455281e+00,-1.339434182405401685e+00
-3.140750895478006122e+00,-1.319688029131746987e+00
-3.162150622563300928e+00,-1.299957673314196427e+00
-3.183677625211308815e+00,-1.280246259000772824e+00
-3.205325694857992680e+00,-1.260556930239488338e+00
-3.227088622939321638e+00,-1.240892831078362235e+00
-3.248960200891255035e+00,-1.221257105565410228e+00
-3.270934220149763760e+00,-1.201652897748648030e+00
-3.293004472150808937e+00,-1.182083351676087801e+00
-3.315164748330359679e+00,-1.162551611395752360e+00
-3.337408840124377107e+00,-1.143060820955653867e+00
-3.359730538968828562e+00,-1.123614124403811587e+00
-3.382123636299681380e+00,-1.104214665788237681e+00
-3.404581923552898459e+00,-1.084865589156951415e+00
-3.427099192164444474e+00,-1.065570038557964949e+00
-3.449669233570284987e+00,-1.046331158039304654e+00
-3.472285839206387337e+00,-1.027152091648975585e+00
-3.494942800508715308e+00,-1.008035983434993454e+00
-3.517633908913234464e+00,-9.889859774453846342e-01
-3.540352955855910366e+00,-9.700052177281577315e-01
-3.563093732772705913e+00,-9.510968483313320121e-01
-3.585850031099589330e+00,-9.322640133029231890e-01
-3.608615642272523516e+00,-9.135098566909469753e-01
-3.631384357727477585e+00,-8.948375225434155311e-01
-3.654149968900412659e+00,-8.762501549083552277e-01
-3.676906267227294300e+00,-8.577508978337711198e-01
-3.699647044144094288e+00,-8.393428953676860260e-01
-3.722366091086767526e+00,-8.210292915581121065e-01
-3.745057199491286681e+00,-8.028132304530721797e-01
-3.767714160793613765e+00,-7.846978561005748531e-01
-3.790330766429717002e+00,-7.666863125486393926e-01
-3.812900807835558403e+00,-7.487817438452850638e-01
-3.835418076447104418e+00,-7.309872940385240270e-01
-3.857876363700319722e+00,-7.133061071763755479e-01
-3.880269461031170763e+00,-6.957413273068517867e-01
-3.902591159875626659e+00,-6.782960984779684566e-01
-3.924835251669643199e+00,-6.609735647377483758e-01
-3.946995527849193053e+00,-6.437768701342037048e-01
-3.969065779850238229e+00,-6.267091587153537091e-01
-3.991039799108747843e+00,-6.097735745292034437e-01
-4.012911377060683016e+00,-5.929732616237828324e-01
-4.034674305142008421e+00,-5.763113640471040355e-01
-4.056322374788692287e+00,-5.597910258471792133e-01
-4.077849377436699285e+00,-5.434153910720276315e-01
-4.099249104521996756e+00,-5.271876037696650030e-01
-4.120515347480544932e+00,-5.111108079881070410e-01
-4.141641897748312040e+00,-4.951881477753730110e-01
-4.162622546761262754e+00,-4.794227671794715206e-01
-4.183451085955366189e+00,-4.638178102484253884e-01
-4.204121306766580801e+00,-4.483764210302503272e-01
-4.224627000630874818e+00,-4.331017435729656029e-01
-4.244961958984213801e+00,-4.179969219245798229e-01
-4.265119973262565978e+00,-4.030651001331122529e-01
-4.285094834901891581e+00,-3.883094222465786061e-01
-4.304880335338157060e+00,-3.737330323129981480e-01
-4.324470266007328867e+00,-3.593390743803830389e-01
-4.343858418345372563e+00,-3.451306924967525447e-01
-4.363038583788255487e+00,-3.311110307101223782e-01
-4.382004553771936983e+00,-3.172832330685082525e-01
-4.400750119732387056e+00,-3.036504436199223278e-01
-4.419269073105568602e+00,-2.902158064123909753e-01
-4.437555205327449848e+00,-2.769824654939156972e-01
-4.455602307833992803e+00,-2.639535649125299699e-01
-4.473404172061163919e+00,-2.511322487162352957e-01
-4.490954589444926981e+00,-2.385216609530580456e-01
-4.508247351421251103e+00,-2.261249456710068273e-01
-4.525276249426100961e+00,-2.139452469181009064e-01
-4.542035074895437674e+00,-2.019857087423595488e-01
-4.558517619265228582e+00,-1.902494751917949145e-01
-4.574717673971440135e+00,-1.787396903144227167e-01
-4.590629030450037895e+00,-1.674594981582622211e-01
-4.606245480136985648e+00,-1.564120427713291406e-01
-4.621560814468248068e+00,-1.456004682016356355e-01
-4.636568824879792494e+00,-1.350279184972009716e-01
-4.651263302807581823e+00,-1.246975377060479673e-01
-4.665638039687585170e+00,-1.146124698761781247e-01
-4.679686826955764545e+00,-1.047758590556213676e-01
-4.693403456048084621e+00,-9.519084929238630366e-02
-4.706781718400512737e+00,-8.586058463449219857e-02
-4.719815405449015344e+00,-7.678820912995121262e-02
-4.732498308629553563e+00,-6.797686682678616421e-02
-4.744824219378095620e+00,-5.942970177300921364e-02
-4.756786929130606190e+00,-5.114985801663607390e-02
-4.768380229323050834e+00,-4.314047960568245799e-02
-4.779597911391394227e+00,-3.540471058816763161e-02
-4.790433766771601931e+00,-2.794569501210730778e-02
-4.800881586899638620e+00,-2.076657692551364676e-02
-4.810935163211470744e+00,-1.387050037640946698e-02
-4.820588287143064754e+00,-7.260609412803376017e-03
-4.829834750130380883e+00,-9.400480827181922905e-04
-4.838668343609389133e+00,5.088039565833923916e-03
-4.847082859016053291e+00,1.082050948483370689e-02
-4.855072087786339807e+00,1.625421762626899636e-02
-4.862629821356211579e+00,2.138601994212052659e-02
-4.869749851161635057e+00,2.621277238437258461e-02
-4.876425968638575803e+00,3.073133090500945741e-02
-4.882651965222997603e+00,3.493855145601187928e-02
-4.888421632350868684e+00,3.883128998936768994e-02
-4.893728761458152832e+00,4.240640245706472911e-02
-4.898567143980814720e+00,4.566074481107662564e-02
-4.902930571354819023e+00,4.859117300339121925e-02
-4.906812835016133079e+00,5.119454298599634967e-02
-4.910207726400720674e+00,5.346771071086919846e-02
-4.913109036944547370e+00,5.540753213000115807e-02
-4.915510558083578729e+00,5.701086319536941005e-02
-4.917406081253780314e+00,5.827455985896179413e-02
-4.918789397891115911e+00,5.919547807275549189e-02
-4.919654299431551969e+00,5.977047378874544847e-02
-4.919994577311053163e+00,5.999640295890884545e-02
-4.919872093760799814e+00,5.987383344331931312e-02
-4.919401322413024857e+00,5.940946892742715590e-02
-4.918587203692481147e+00,5.860643726848380197e-02
-4.917432818766224401e+00,5.746778426909315840e-02
-4.915941248801313002e+00,5.599655573186623769e-02
-4.914115574964800004e+00,5.419579745940694693e-02
-4.911958878423742902e+00,5.206855525432629861e-02
-4.909474240345197416e+00,4.961787491922819981e-02
-4.906664741896219262e+00,4.684680225672011034e-02
-4.903533464243864159e+00,4.375838306941304268e-02
-4.900083488555187827e+00,4.035566315991090391e-02
-4.896317895997245984e+00,3.664168833082115384e-02
-4.892239767737095235e+00,3.261950438475125225e-02
-4.887852184941792189e+00,2.829215712431221164e-02
-4.883158228778389898e+00,2.366269235210438637e-02
-4.878160980413946746e+00,1.873415587074234168e-02
-4.872863521015518451e+00,1.350959348282643191e-02
-4.867268931750160732e+00,7.992050990971222291e-03
-4.861380293784927531e+00,2.184574197777067184e-03
-4.855200688286877231e+00,-3.909791094145020907e-03
-4.848733196423063774e+00,-1.028799908218758219e-02
-4.841980899360544655e+00,-1.694700396374315687e-02
-4.834946878266375592e+00,-2.388375993620783788e-02
-4.827634214307611416e+00,-3.109522119697061271e-02
-4.820045988651308733e+00,-3.857834194342402157e-02
-4.812185282464523262e+00,-4.633007637296060466e-02
-4.804055176914311609e+00,-5.434737868297645491e-02
-4.795658753167726829e+00,-6.262720307086766525e-02
-4.786999092391828192e+00,-7.116650373401611773e-02
-4.778079275753671418e+00,-7.996223486981790529e-02
-4.768902384420309559e+00,-8.901135067566912085e-02
-4.759471499558801888e+00,-9.831080534896585732e-02
-4.749789702336199682e+00,-1.078575530870935495e-01
-4.739860073919564876e+00,-1.176485480874482903e-01
-4.729685695475948748e+00,-1.276807445474155145e-01
-4.719269648172408793e+00,-1.379510966644019732e-01
-4.708615013175999842e+00,-1.484565586357895484e-01
-4.697724871653780276e+00,-1.591940846589778857e-01
-4.686602304772803151e+00,-1.701606289313488674e-01
-4.675250393700126850e+00,-1.813531456503056916e-01
-4.663672219602805313e+00,-1.927685890132408986e-01
-4.651870863647894261e+00,-2.044039132175399232e-01
-4.639849407002451187e+00,-2.162560724605988582e-01
-4.627610930833530922e+00,-2.283220209398137968e-01
-4.615158516308190961e+00,-2.405987128525737262e-01
-4.602495244593482582e+00,-2.530831023962747395e-01
-4.589624196856466831e+00,-2.657721437683022714e-01
-4.576548454264198540e+00,-2.786627911660559676e-01
-4.563271097983732538e+00,-2.917519987869248155e-01
-4.549795209182122768e+00,-3.050367208283049081e-01
-4.536123869026428501e+00,-3.185139114875887856e-01
-4.522260158683705455e+00,-3.321805249621654355e-01
-4.508207159321007573e+00,-3.460335154494273979e-01
-4.493967952105392349e+00,-3.600698371467707659e-01
-4.479545618203911950e+00,-3.742864442515916323e-01
-4.464943238783627422e+00,-3.886802909612754320e-01
-4.450163895011592707e+00,-4.032483314732147051e-01
-4.435210668054863525e+00,-4.179875199848055445e-01
-4.420086639080492930e+00,-4.328948106934404905e-01
-4.404794889255542856e+00,-4.479671577965120832e-01
-4.389338499747063693e+00,-4.632015154914128630e-01
-4.373720551722115601e+00,-4.785948379755353699e-01
-4.357944126347750746e+00,-4.941440794462721442e-01
-4.342012304791024846e+00,-5.098461941010192788e-01
-4.325928168218998060e+00,-5.256981361371622086e-01
-4.309694797798723442e+00,-5.416968597520970263e-01
-4.293315274697257600e+00,-5.578393191432198250e-01
-4.276792680081651810e+00,-5.741224685079195922e-01
-4.260130095118969784e+00,-5.905432620435888680e-01
-4.243330600976264577e+00,-6.070986539476237454e-01
-4.226397278820590131e+00,-6.237855984174132118e-01
-4.209333209819001276e+00,-6.406010496503498075e-01
-4.192141475138558171e+00,-6.575419618438296254e-01
-4.174825155946314759e+00,-6.746052891952452057e-01
-4.157387333409326757e+00,-6.917879859019855360e-01
-4.139831088694649885e+00,-7.090870061614431563e-01
-4.122159502969337197e+00,-7.264993041710177124e-01
-4.104375657400450628e+00,-7.440218341280946390e-01
-4.086482633155043231e+00,-7.616515502300700291e-01
-4.068483511400168950e+00,-7.793854066743328701e-01
-4.050381373302884391e+00,-7.972203576582828077e-01
-4.032179300030247937e+00,-8.151533573793052767e-01
-4.013880372749314418e+00,-8.331813600347963700e-01
-3.995487672627139553e+00,-8.513013198221486277e-01
-3.977004280830778171e+00,-8.695101909387545902e-01
-3.958433278527285104e+00,-8.878049275820103503e-01
-3.939777746883717846e+00,-9.061824839493013428e-01
-3.921040767067134780e+00,-9.246398142380272134e-01
-3.902225420244588960e+00,-9.431738726455733968e-01
-3.883334787583134329e+00,-9.617816133693430913e-01
-3.864371950249831933e+00,-9.804599906067181792e-01
-3.845339989411733939e+00,-9.992059585550947531e-01
-3.826241986235897841e+00,-1.018016471411872459e+00
-3.807081021889378469e+00,-1.036888483374433179e+00
-3.787860177539229767e+00,-1.055818948640176558e+00
-3.768582534352512781e+00,-1.074804821406491584e+00
-3.749251173496278788e+00,-1.093843055870774350e+00
-3.729869176137586173e+00,-1.112930606230413844e+00
-3.710439623443487989e+00,-1.132064426682809710e+00
-3.690965596581045283e+00,-1.151241471425347385e+00
-3.671450176717309333e+00,-1.170458694655419407e+00
-3.651896445019340298e+00,-1.189713050570421871e+00
-3.632307482654185904e+00,-1.209001493367750868e+00
-3.612686370788909862e+00,-1.228320977244791834e+00
-3.593036190590567891e+00,-1.247668456398937309e+00
-3.573360023226211268e+00,-1.267040885027586938e+00
-3.553660949862900154e+00,-1.286435217328126157e+00
-3.533942051667684048e+00,-1.305848407497958164e+00
-3.514206409807625775e+00,-1.325277409734461287e+00
-3.494457105449780165e+00,-1.344719178235038726e+00
-3.474697219761201161e+00,-1.364170667197079467e+00
-3.454929833908941816e+00,-1.383628830817979605e+00
-3.435158029060064067e+00,-1.403090623295128125e+00
-3.415384886381620966e+00,-1.422552998825914017e+00
-3.395613487040668232e+00,-1.442012911607736925e+00
-3.375846912204263361e+00,-1.461467315837985836e+00
-3.356088243039455854e+00,-1.480913165714060398e+00
-3.336340560713312087e+00,-1.500347415433346043e+00
-3.316606946392880673e+00,-1.519767019193235313e+00
-3.296890481245219107e+00,-1.539168931191120748e+00
-3.277194246437380443e+00,-1.558550105624401994e+00
-3.257521323136425728e+00,-1.577907496690460931e+00
-3.237874792509410682e+00,-1.597238058586697207e+00
-3.218257735723387469e+00,-1.616538745510506914e+00
-3.198673233945411809e+00,-1.635806511659275486e+00
-3.179124368342543860e+00,-1.655038311230399017e+00
-3.159614220081837566e+00,-1.674231098421270048e+00
-3.140145870330345979e+00,-1.693381827429277564e+00
-3.120722400255129259e+00,-1.712487452451817660e+00
-3.101346891023238683e+00,-1.731544927686286428e+00
-3.082022423801734412e+00,-1.750551207330072856e+00
-3.062752079757672163e+00,-1.769503245580569484e+00
-3.043538940058104991e+00,-1.788397996635165299e+00
-3.024386085870087726e+00,-1.807232414691263500e+00
-3.005296598360681415e+00,-1.826003453946245969e+00
-2.986273558696940000e+00,-1.844708068597508799e+00
-2.967320048045916536e+00,-1.863343212842448082e+00
-2.948439147574671182e+00,-1.881905840878452807e+00
-2.929633938450253439e+00,-1.900392906902919066e+00
-2.910907501839727018e+00,-1.918801365113235846e+00
-2.892262918910142311e+00,-1.937128169706795688e+00
-2.873703270828558587e+00,-1.955370274880994685e+00
-2.855231638762025348e+00,-1.973524634833225377e+00
-2.836851103877608082e+00,-1.991588203760876752e+00
-2.818564747342358068e+00,-2.009557935861344902e+00
-2.800375650323328358e+00,-2.027430785332022367e+00
-2.782286893987579113e+00,-2.045203706370298136e+00
-2.764301559502160721e+00,-2.062873653173571853e+00
-2.746422728034137783e+00,-2.080437579939228954e+00
-2.728653480750559801e+00,-2.097892440864661978e+00
-2.710996898818481604e+00,-2.115235190147270572e+00
-2.693456063404962464e+00,-2.132462781984443723e+00
-2.676034055677058099e+00,-2.149572170573570418e+00
-2.658733956801823339e+00,-2.166560310112050303e+00
-2.641558847946317456e+00,-2.183424154797272365e+00
-2.624511810277588175e+00,-2.200160658826629145e+00
-2.607595924962697431e+00,-2.216766776397513183e+00
-2.590814273168702719e+00,-2.233239461707317020e+00
-2.574169936062656205e+00,-2.249575668953440299e+00
-2.557665994811614496e+00,-2.265772352333261352e+00
-2.541305530582633310e+00,-2.281826466044186930e+00
-2.525091624542770141e+00,-2.297734964283602466e+00
-2.509027357859078933e+00,-2.313494801248900501e+00
-2.493115811698618067e+00,-2.329102931137477128e+00
-2.477360067228437934e+00,-2.344556308146721335e+00
-2.461763205615602246e+00,-2.359851886474032767e+00
-2.446328308027161391e+00,-2.374986620316793307e+00
-2.431058455630173754e+00,-2.389957463872402599e+00
-2.415956729591693275e+00,-2.404761371338253184e+00
-2.401026211078774786e+00,-2.419395296911737603e+00
-2.386269981258479334e+00,-2.433856194790244842e+00
-2.371650986190987354e+00,-2.448193889771069109e+00
-2.356988423250719222e+00,-2.462646732527645099e+00
-2.342260990171176616e+00,-2.477241827661899265e+00
-2.327469903606563584e+00,-2.491976553032539954e+00
-2.312616380211077072e+00,-2.506848286498275513e+00
-2.297701636638913136e+00,-2.521854405917824948e+00
-2.282726889544273163e+00,-2.536992289149893054e+00
-2.267693355581355874e+00,-2.552259314053188177e+00
-2.252602251404359102e+00,-2.567652858486422218e+00
-2.237454793667478015e+00,-2.583170300308307077e+00
-2.222252199024915775e+00,-2.598809017377554653e+00
-2.206995684130866664e+00,-2.614566387552869742e+00
-2.191686465639530290e+00,-2.630439788692964243e+00
-2.176325760205108928e+00,-2.646426598656550055e+00
-2.160914784481795969e+00,-2.662524195302335528e+00
-2.145454755123790136e+00,-2.678729956489036113e+00
-2.129946888785294590e+00,-2.695041260075353051e+00
-2.114392402120502723e+00,-2.711455483920001797e+00
-2.098792511783615922e+00,-2.727970005881690696e+00
-2.083148434428832019e+00,-2.744582203819131649e+00
-2.067461386710344406e+00,-2.761289455591036557e+00
-2.051732585282358912e+00,-2.778089139056110213e+00
-2.035963246799071591e+00,-2.794978632073071623e+00
-2.020154587914679389e+00,-2.811955312500622028e+00
-2.004307825283378364e+00,-2.829016558197476883e+00
-1.988424175559373452e+00,-2.846159747022340980e+00
-1.972504855396859824e+00,-2.863382256833929773e+00
-1.956551081450036200e+00,-2.880681465490951609e+00
-1.940564070373095973e+00,-2.898054750852118389e+00
-1.924545038820245857e+00,-2.915499490776138458e+00
-1.908495203445680133e+00,-2.933013063121720165e+00
-1.892415780903597522e+00,-2.950592845747575410e+00
-1.876307987848195857e+00,-2.968236216512419645e+00
-1.860173040933672972e+00,-2.985940553274957665e+00
-1.844012156814232029e+00,-3.003703233893894264e+00
-1.827826552144063754e+00,-3.021521636227952001e+00
-1.811617443577373088e+00,-3.039393138135832118e+00
-1.795386047768354310e+00,-3.057315117476246513e+00
-1.779133581371207029e+00,-3.075284952107907088e+00
-1.762861261040131744e+00,-3.093300019889522190e+00
-1.746570303429325399e+00,-3.111357698679803718e+00
-1.730261925192985828e+00,-3.129455366337463573e+00
-1.713937342985309087e+00,-3.147590400721213655e+00
-1.697597773460501003e+00,-3.165760179689751652e+00
-1.681244433272752303e+00,-3.183962081101800123e+00
-1.664878539076264374e+00,-3.202193482816063863e+00
-1.648501307525235049e+00,-3.220451762691254771e+00
-1.632113955273863937e+00,-3.238734298586084748e+00
-1.615717698976349759e+00,-3.257038468359262140e+00
-1.599313755286890348e+00,-3.275361649869495295e+00
-1.582903340859681762e+00,-3.293701220975499666e+00
-1.566487672348923610e+00,-3.312054559535980047e+00
-1.550067966408816389e+00,-3.330419043409648339e+00
-1.533645439693559709e+00,-3.348792050455216440e+00
-1.517221308857346962e+00,-3.367170958531392699e+00
-1.500796790554376869e+00,-3.385553145496885463e+00
-1.484373101438852594e+00,-3.403935989210410185e+00
-1.467951458164969303e+00,-3.422316867530671658e+00
-1.451533077386926607e+00,-3.440693158316385336e+00
-1.435119175758919674e+00,-3.459062239426259566e+00
-1.418710969935152555e+00,-3.477421488719002696e+00
-1.402309676569818642e+00,-3.495768284053323072e+00
-1.385916512317120208e+00,-3.514100003287936147e+00
-1.369532693831254200e+00,-3.532414024281550269e+00
-1.353159437766414008e+00,-3.550707724892873784e+00
-1.336797960776806349e+00,-3.568978482980622147e+00
-1.320449479516627278e+00,-3.587223676403496597e+00
-1.304115210640071076e+00,-3.605440683020212589e+00
-1.287796370801337353e+00,-3.623626880689485574e+00
-1.271494176654629271e+00,-3.641779647270016795e+00
-1.255209844854141110e+00,-3.659896360620514599e+00
-1.238944592054072480e+00,-3.677974398599701544e+00
-1.222699634908622102e+00,-3.696011139066278872e+00
-1.206476190071984256e+00,-3.714003959878962036e+00
-1.190275474198364769e+00,-3.731950238896452277e+00
-1.174098703941957034e+00,-3.749847353977468600e+00
-1.157947095956960659e+00,-3.767692682980715801e+00
-1.141821866897570814e+00,-3.785483603764909333e+00
-1.125724233417992437e+00,-3.803217494188753989e+00
-1.109655412172418920e+00,-3.820891732110965222e+00
-1.093616619815053426e+00,-3.838503695390247827e+00
-1.077609073000085793e+00,-3.856050761885317257e+00
-1.061633988381723626e+00,-3.873530309454878306e+00
-1.045692582614161203e+00,-3.890939715957642875e+00
-1.029786072351596360e+00,-3.908276359252322862e+00
-1.013915674248228704e+00,-3.925537617197630169e+00
-9.980826049582542936e-01,-3.942720867652273142e+00
-9.822880811358762898e-01,-3.959823488474960129e+00
-9.665333194352898616e-01,-3.976842857524401253e+00
-9.508195365106946184e-01,-3.993776352659310191e+00
-9.351479490162857289e-01,-4.010621351738397067e+00
-9.195197736062663552e-01,-4.027375232620366674e+00
-9.039362269348316659e-01,-4.044035373163932690e+00
-8.883985256561803823e-01,-4.060599151227808790e+00
-8.729078864245138902e-01,-4.077063944670696216e+00
-8.574655258940246938e-01,-4.093427131351315751e+00
-8.420726607189177315e-01,-4.109686089128368636e+00
-8.267305075533890601e-01,-4.125838195860572100e+00
-8.114402830516365128e-01,-4.141880829406630937e+00
-7.962032038678525936e-01,-4.157811367625260601e+00
-7.810204866562457937e-01,-4.173627188375165886e+00
-7.658933480710121700e-01,-4.189325669515060468e+00
-7.508230047663460027e-01,-4.204904188903650919e+00
-7.358106733964486779e-01,-4.220360124399654467e+00
-7.208575706155180285e-01,-4.235690853861774130e+00
-7.059649130777518877e-01,-4.250893755148721809e+00
-6.911339174373498651e-01,-4.265966206119209403e+00
-6.763658003485097936e-01,-4.280905584631947036e+00
-6.616617784654277301e-01,-4.295709268545646609e+00
-6.470230684423050604e-01,-4.310374635719012915e+00
-6.324508869333378414e-01,-4.324899064010759631e+00
-6.179464505927292350e-01,-4.339279931279596880e+00
-6.035109760746717456e-01,-4.353514615384234787e+00
-5.891456800333685351e-01,-4.367600494183383475e+00
-5.748517791230138840e-01,-4.381534945535754844e+00
-5.606304899978109546e-01,-4.395315347300053688e+00
-5.464830293119522509e-01,-4.408939077334995460e+00
-5.324106137196409350e-01,-4.422403513499290284e+00
-5.184144598750730637e-01,-4.435706033651644731e+00
-5.044957844324482465e-01,-4.448844015650772477e+00
-4.906558040459643166e-01,-4.461814837355380092e+00
-4.768957353698191071e-01,-4.474615876624183031e+00
-4.632167950582122273e-01,-4.487244511315886086e+00
-4.496201997653415106e-01,-4.499698119289202936e+00
-4.361071661454065662e-01,-4.511974078402841926e+00
-4.226789108526034511e-01,-4.524069766515514956e+00
-4.093366505411299983e-01,-4.535982561485932152e+00
-3.960816018651893700e-01,-4.547709841172800083e+00
-3.829149814789740702e-01,-4.559248983434834201e+00
-3.698380060366890376e-01,-4.570597366130741079e+00
-3.568518921925249998e-01,-4.581752367119232616e+00
-3.439578566006868954e-01,-4.592711364259018936e+00
-3.311571159153690047e-01,-4.603471735408808385e+00
-3.184508867907744900e-01,-4.614030858427312864e+00
-3.058403858810940790e-01,-4.624386111173244274e+00
-2.933268298405327101e-01,-4.634534871505309184e+00
-2.809114353232882166e-01,-4.644474517282219495e+00
-2.685954189835566552e-01,-4.654202426362685330e+00
-2.563799974755376354e-01,-4.663715976605415037e+00
-2.442663874534254376e-01,-4.673012545869125844e+00
-2.322558055714267766e-01,-4.682089512012518995e+00
-2.203494684837341566e-01,-4.690944252894306388e+00
-2.085485928445489634e-01,-4.699574146373203476e+00
-1.968543953080637010e-01,-4.707976570307916830e+00
-1.852680925284850844e-01,-4.716148902557158351e+00
-1.737909011600056175e-01,-4.724088520979634609e+00
-1.624240378568266863e-01,-4.731792803434061057e+00
-1.511687192731443474e-01,-4.739259127779142489e+00
-1.400261620631582105e-01,-4.746484871873592581e+00
-1.289975828810678848e-01,-4.753467413576119682e+00
-1.180841983810694273e-01,-4.760204130745439244e+00
-1.072872252173642238e-01,-4.766692401240252508e+00
-9.660788004414655461e-02,-4.772929602919276704e+00
-8.604737951561958198e-02,-4.778913113641218402e+00
-7.560694028597758631e-02,-4.784640311264789503e+00
-6.528777900942195345e-02,-4.790108573648701906e+00
-5.509111234014696379e-02,-4.795315278651662183e+00
-4.501815693235755589e-02,-4.800257804132380457e+00
-3.507012944024623380e-02,-4.804933527949568628e+00
-2.524824651801438335e-02,-4.809339827961936820e+00
-1.555372481985983768e-02,-4.813474082028198708e+00
-5.987780999978653540e-03,-4.817333668007059089e+00
3.448368287426006873e-03,-4.820915963757226308e+00
1.275350638815986315e-02,-4.824218347137417595e+00
2.192641664802152945e-02,-4.827238196006341298e+00
3.096588241281672538e-02,-4.829972888222707539e+00
3.987068702834228873e-02,-4.832419801645221114e+00
4.863961384040216274e-02,-4.834576314132597474e+00
5.727144619479851428e-02,-4.836439803543546745e+00
6.576496743733173389e-02,-4.838007647736775496e+00
7.411896091380398843e-02,-4.839277224570999181e+00
8.233770606268642211e-02,-4.840258085853928804e+00
9.051502430152602585e-02,-4.841158330793497555e+00
9.868481495397141146e-02,-4.842053817961451401e+00
1.068466978981899018e-01,-4.842944541195443264e+00
1.150002930123488198e-01,-4.843830494333124292e+00
1.231452201746172648e-01,-4.844711671212147408e+00
1.312810992631625595e-01,-4.845588065670170863e+00
1.394075501561520269e-01,-4.846459671544845804e+00
1.475241927317547663e-01,-4.847326482673825154e+00
1.556306468681381006e-01,-4.848188492894761836e+00
1.637265324434711289e-01,-4.849045696045310549e+00
1.718114693359193978e-01,-4.849898085963124217e+00
1.798850774236537831e-01,-4.850745656485859314e+00
1.879469765848416074e-01,-4.851588401451166987e+00
1.959967866976501938e-01,-4.852426314696698384e+00
2.040341276402450887e-01,-4.853259390060109979e+00
2.120586192908024969e-01,-4.854087621379058248e+00
2.200698815274790832e-01,-4.854911002491190786e+00
2.280675342284510521e-01,-4.855729527234164067e+00
2.360511972718821738e-01,-4.856543189445631015e+00
2.440204905359451004e-01,-4.857351982963244552e+00
2.519750338988036020e-01,-4.858155901624661155e+00
2.599144472386250015e-01,-4.858954939267531969e+00
2.678383504335819509e-01,-4.859749089729511695e+00
2.757463633618382204e-01,-4.860538346848251479e+00
2.836381059015646855e-01,-4.861322704461407795e+00
2.915131979309268928e-01,-4.862102156406633569e+00
2.993712593280939416e-01,-4.862876696521581721e+00
3.072119099712331547e-01,-4.863646318643906952e+00
3.150347697385154078e-01,-4.864411016611258631e+00
3.228394585081062473e-01,-4.865170784261296788e+00
3.306255961581729963e-01,-4.865925615431670792e+00
3.383928025668829775e-01,-4.866675503960033566e+00
3.461406976124088430e-01,-4.867420443684043363e+00
3.538689011729143630e-01,-4.868160428441349552e+00
3.615770331265686366e-01,-4.868895452069605057e+00
3.692647133515389868e-01,-4.869625508406464576e+00
3.769315617259962892e-01,-4.870350591289584585e+00
3.845771981281060903e-01,-4.871070694556614455e+00
3.922012424360357130e-01,-4.871785812045212438e+00
3.998033145279542566e-01,-4.872495937593027904e+00
4.073830342820290440e-01,-4.873201065037713775e+00
4.149400215764291744e-01,-4.873901188216926528e+00
4.224738962893237471e-01,-4.874596300968320861e+00
4.299842782988765322e-01,-4.875286397129547922e+00
4.374707874832601817e-01,-4.875971470538260633e+00
4.449330437206402422e-01,-4.876651515032115469e+00
4.523706668891858129e-01,-4.877326524448761802e+00
4.597832768670624404e-01,-4.877996492625856106e+00
4.671704935324392238e-01,-4.878661413401053082e+00
4.745319367634870389e-01,-4.879321280612002099e+00
4.818672264383696557e-01,-4.879976088096359632e+00
4.891759824352615027e-01,-4.880625829691776829e+00
4.964578246323227972e-01,-4.881270499235913718e+00
5.037123729077244150e-01,-4.881910090566417892e+00
5.109392471396354551e-01,-4.882544597520942276e+00
5.181380672062250170e-01,-4.883174013937145119e+00
5.253084529856568707e-01,-4.883798333652677570e+00
5.324500243561036683e-01,-4.884417550505190775e+00
5.395624011957291799e-01,-4.885031658332341209e+00
5.466452033827060575e-01,-4.885640650971783572e+00
5.536980507951980712e-01,-4.886244522261167234e+00
5.607205633113743204e-01,-4.886843266038148670e+00
5.677123608094039042e-01,-4.887436876140380804e+00
5.746730631674559220e-01,-4.888025346405518334e+00
5.816022902636959202e-01,-4.888608670671214185e+00
5.884996619762929981e-01,-4.889186842775123054e+00
5.953647981834144787e-01,-4.889759856554892536e+00
6.021973187632294611e-01,-4.890327705848182660e+00
6.089968435939052682e-01,-4.890890384492644571e+00
6.157629925536092230e-01,-4.891447886325932970e+00
6.224953855205086484e-01,-4.892000205185702555e+00
6.291936423727726435e-01,-4.892547334909600920e+00
6.358573829885720841e-01,-4.893089269335288094e+00
6.424862272460707402e-01,-4.893626002300416999e+00
6.490797950234394875e-01,-4.894157527642637007e+00
6.556377061988438726e-01,-4.894683839199606368e+00
6.621595806504547710e-01,-4.895204930808974453e+00
6.686450382564359529e-01,-4.895720796308395961e+00
6.750936988949600703e-01,-4.896231429535527369e+00
6.815051824441926698e-01,-4.896736824328019821e+00
6.878791087823010741e-01,-4.897236974523528019e+00
6.942150977874543827e-01,-4.897731873959703108e+00
7.005127693378216946e-01,-4.898221516474199788e+00
7.067717433115685566e-01,-4.898705895904674534e+00
7.129916395868640677e-01,-4.899185006088774941e+00
7.191720780418773273e-01,-4.899658840864162812e+00
7.253126785547756583e-01,-4.900127394068483966e+00
7.314130610037263835e-01,-4.900590659539394878e+00
7.374728452668968259e-01,-4.901048631114552023e+00
7.434916512224578611e-01,-4.901501302631601220e+00
7.494690987485750355e-01,-4.901948667928206049e+00
7.554048077234174485e-01,-4.902390720842012328e+00
7.612983980251524230e-01,-4.902827455210678309e+00
7.671494895319472818e-01,-4.903258864871851586e+00
7.729577021219711241e-01,-4.903684943663193962e+00
7.787226556733930494e-01,-4.904105685422353034e+00
7.844439700643803803e-01,-4.904521083986985275e+00
7.901212651730986636e-01,-4.904931133194743609e+00
7.957541608777169984e-01,-4.905335826883279182e+00
8.013422770564062603e-01,-4.905735158890246694e+00
8.068852335873302195e-01,-4.906129123053302621e+00
8.123826503486597517e-01,-4.906517713210098108e+00
8.178341472185639560e-01,-4.906900923198284303e+00
8.232393440752066027e-01,-4.907278746855519458e+00
8.285978607967603438e-01,-4.907651178019454719e+00
8.339093172613889493e-01,-4.908018210527744785e+00
8.391733333472632950e-01,-4.908379838218042579e+00
8.443895289325489273e-01,-4.908736054928001025e+00
8.495575238954167219e-01,-4.909086854495273045e+00
8.546769381140322253e-01,-4.909432230757515114e+00
8.597473914665663131e-01,-4.909772177552378380e+00
8.647685038311827554e-01,-4.910106688717515766e+00
8.697398950860559808e-01,-4.910435758090585523e+00
8.746611851093462064e-01,-4.910759379509235245e+00
8.795319937792260845e-01,-4.911077546811121408e+00
8.843519409738629378e-01,-4.911390253833898711e+00
8.891206465714240892e-01,-4.911697494415218301e+00
8.938377304500804144e-01,-4.911999262392734877e+00
8.985028124879939071e-01,-4.912295551604101362e+00
9.031155125633389957e-01,-4.912586355886970679e+00
9.076754505542794504e-01,-4.912871669079001080e+00
9.121822463389861468e-01,-4.913151485017840159e+00
9.166355197956246315e-01,-4.913425797541144391e+00
9.210348908023640035e-01,-4.913694600486566699e+00
9.253799792373715860e-01,-4.913957887691760007e+00
9.296704049788147017e-01,-4.914215652994379013e+00
9.339057879048660027e-01,-4.914467890232078418e+00
9.380857478936874827e-01,-4.914714593242507590e+00
9.422099048234517937e-01,-4.914955755863324782e+00
9.462778785723227060e-01,-4.915191371932179365e+00
9.502892890184728714e-01,-4.915421435286729590e+00
9.542437560400660601e-01,-4.915645939764626604e+00
9.581408995152713715e-01,-4.915864879203521554e+00
9.619803393222579047e-01,-4.916078247441072691e+00
9.657616953391947590e-01,-4.916286038314931162e+00
9.694845874442474809e-01,-4.916488245662751666e+00
9.731486355155833934e-01,-4.916684863322183574e+00
9.767534594313733720e-01,-4.916875885130885138e+00
9.802986790697847397e-01,-4.917061304926507503e+00
9.837839143089848193e-01,-4.917241116546703594e+00
9.872087850271409337e-01,-4.917415313829131662e+00
9.905729111024221822e-01,-4.917583890611442854e+00
9.938759124129958877e-01,-4.917746840731284763e+00
9.971174088370293731e-01,-4.917904158026320971e+00
1.000297020252693514e+00,-4.918055836334199071e+00
1.003414366538153857e+00,-4.918201869492571987e+00
1.006469067571577725e+00,-4.918342251339096194e+00
1.009460743231135993e+00,-4.918476975711424615e+00
1.012389013394994208e+00,-4.918606036447210172e+00
1.015253497941323246e+00,-4.918729427384107566e+00
1.018053816748285101e+00,-4.918847142359769720e+00
1.020789589694054200e+00,-4.918959175211847779e+00
1.023460436656794315e+00,-4.919065519777998219e+00
1.026065977514678096e+00,-4.919166169895872187e+00
1.028605832145867538e+00,-4.919261119403127935e+00
1.031079620428535293e+00,-4.919350362137413057e+00
1.033486962240846907e+00,-4.919433891936385805e+00
1.035827477460975032e+00,-4.919511702637699102e+00
1.038100785967079887e+00,-4.919583788079002318e+00
1.040306507637334121e+00,-4.919650142097951928e+00
1.042444262349905060e+00,-4.919710758532202632e+00
1.044513669982961801e+00,-4.919765631219409130e+00
1.046514350414669892e+00,-4.919814753997220791e+00
1.048445923523198431e+00,-4.919858120703292315e+00
1.050308009186718294e+00,-4.919895725175280177e+00
1.052100227283393252e+00,-4.919927561250835524e+00
1.053822197691392404e+00,-4.919953622767611279e+00
1.055473540288886625e+00,-4.919973903563260365e+00
1.057053874954039685e+00,-4.919988397475442810e+00
1.058562821565020684e+00,-4.919997098341804431e+00
1.060000000000000497e+00,-4.920000000000001705e+00
